ID_Product,Quantity,Quantity_Fourniss_After_Cumule,Quantity Available
100557,108,108,108
101226,154,154,154
101622,3,3,3
100181U,1,1,1
100367U,1,1,1
100655,41,41,41
100851,1,1,1
100858,3,3,3
100915,153,153,153
101004,36,36,36
101054,1,1,1
101082,148,148,148
101082U,1,1,1
101241U,1,1,1
101266,2,2,2
101501,1,1,1
101550,2,2,2
101665,4,4,4
101673,1,1,1
101708,22,22,22
101758,1,1,1
101771,49,49,49
101808,52,52,52
101826,1,1,1
102103,95,95,95
102125,66,66,66
102486,1,1,1
102777U,2,2,2
103156,1,1,1
103278,3,3,3
103742,49,49,49
100005,5,5,5
100010,2,2,2
100045,2,2,2
100047,2,2,2
100060,1,1,1
100075U,2,2,2
100076,73,73,73
100087,8,8,8
100108,8,8,8
100126,1,1,1
100148,3,3,3
100172,1,1,1
100177,28,28,28
100188,17,17,17
100224,4,4,4
100228,1,1,1
100247,7,7,7
100273,1,1,1
100277U,1,1,1
100288U,1,1,1
100292U,2,2,2
100298,1,1,1
100312,2,2,2
100349,3,3,3
100357,1,1,1
100358,1,1,1
100367,4,4,4
100393,4,4,4
100406,1,1,1
100475,1,1,1
100479,2,2,2
100487,1,1,1
100561,1,1,1
100598,2,2,2
100672,1,1,1
100679,1,1,1
100806,15,15,15
100853,1,1,1
100886,1,1,1
100891,61,61,61
100988,2,2,2
101009,1,1,1
101023,18,18,18
101063,2,2,2
101129U,1,1,1
101159,14,14,14
101178,1,1,1
101248,1,1,1
101361,3,3,3
101416,1,1,1
101505,1,1,1
101643,1,1,1
102025,1,1,1
102180,3,3,3
102272U,18,18,18
102447U,1,1,1
102607X,1,1,1
102795,1,1,1
103125,1,1,1
103128,22,22,22
103128U,1,1,1
103210,1,1,1
103214,1,1,1
103216,1,1,1
101639,1,1,1
100784,1,1,1
101953,49,49,49
100088,16,16,16
100831,1,1,1
101971,1,1,1
100144,2,2,2
100163,12,12,12
101113,1,1,1
101013,1,1,1
102327,2,2,2
100881,5,5,5
103258,5,5,5
100069,4,4,4
100821,22,22,22
103486,2,2,2
103914,56,56,56
100050U,1,1,1
104573,98,98,98
101500,1,1,1
103029,1,1,1
103836,1,1,1
101024,37,37,37
100034,42,42,42
101493,37,37,37
101256,62,62,62
101222,4,4,4
100225,35,35,35
100898,36,36,36
100624,82,82,82
102251,10,10,10
101814,15,15,15
100158,5,5,5
101504,8,8,8
100118,10,10,10
101996,2,2,2
100804,14,14,14
101843,1,1,1
100850,23,23,23
100256,4,4,4
100008,17,17,17
102101,4,4,4
100026,2,2,2
100119,7,7,7
100432,1,1,1
100210,132,132,132
102074,33,33,33
101264,2,2,2
101111,41,41,41
102172,8,8,8
100222U,5,5,5
104421,11,11,11
104648,8,8,8
105514,17,17,17
104435,8,8,8
105715,7,7,7
104675,3,3,3
105651,10,10,10
104496,12,12,12
104501,2,2,2
101385,4,4,4
104474,3,3,3
100486U,1,1,1
101301,1,1,1
104412,12,12,12
102129,24,24,24
103749,5,5,5
102934,1,1,1
101798,19,19,19
102145,2,2,2
104114,2,2,2
101559,2,2,2
101096,9,9,9
102183,3,3,3
101773,2,2,2
100550,9,9,9
102581,3,3,3
101036,19,19,19
105730,5,5,5
106014,4,4,4
100145,25,25,25
106159,5,5,5
104715,3,3,3
100998,26,26,26
106027,1,1,1
106042,1,1,1
105663,2,2,2
100673,27,27,27
100011,20,20,20
102483U,1,1,1
100156,25,25,25
100969,10,10,10
100908,12,12,12
101580,3,3,3
100639U,2,2,2
100574U,1,1,1
100240,1,1,1
103162,3,3,3
100836,121,121,121
100128,27,27,27
101623,2,2,2
100833,15,15,15
100572,16,16,16
100219,114,114,114
100032,12,12,12
103776,29,29,29
103751,2,2,2
100016,6,6,6
101820,11,11,11
100404,121,121,121
103772,2,2,2
100596,4,4,4
100473,5,5,5
101088U,1,1,1
100157,20,20,20
101183,11,11,11
100527,2,2,2
103145,2,2,2
100024,7,7,7
106155,1,1,1
101425,2,2,2
103159,20,20,20
101017,12,12,12
103139,1,1,1
100265,8,8,8
100972,72,72,72
100869,3,3,3
100139,29,29,29
100042,1,1,1
103824,1,1,1
104422,6,6,6
100100,14,14,14
103273,3,3,3
100754,4,4,4
101950U,1,1,1
101202,20,20,20
102642,3,3,3
100723,1,1,1
103314,29,29,29
100614,34,34,34
102110,1,1,1
103771,1,1,1
101409,39,39,39
104153,5,5,5
104678,2,2,2
104676,1,1,1
104555,1,1,1
100544U,1,1,1
100387U,1,1,1
100145U,7,7,7
102716,25,25,25
101692,10,10,10
100688,3,3,3
100856U,8,8,8
100404U,32,32,32
100365U,16,16,16
104180,30,30,30
100411,2,2,2
100201,6,6,6
100701,2,2,2
101215,1,1,1
100361,1,1,1
100113,31,31,31
100962,38,38,38
102240,17,17,17
100141,15,15,15
100889,8,8,8
100709,55,55,55
101840,56,56,56
100970,74,74,74
101235,2,2,2
100124,81,81,81
100075,3,3,3
101252,12,12,12
104174,9,9,9
100137,2,2,2
102243,3,3,3
100183,6,6,6
100885,10,10,10
100966,19,19,19
106024,1,1,1
100496,2,2,2
100644,7,7,7
101464,1,1,1
104447,4,4,4
101515,2,2,2
101671,78,78,78
101413,17,17,17
101018,11,11,11
101189,1,1,1
103127,3,3,3
101875,8,8,8
102621,2,2,2
100497,12,12,12
101483,7,7,7
101399,34,34,34
101828,15,15,15
100780,4,4,4
100650,34,34,34
100554,2,2,2
100841,9,9,9
100162,1,1,1
102095,29,29,29
103955,1,1,1
100637,2,2,2
101188,16,16,16
103309,18,18,18
101414,4,4,4
102717,4,4,4
100612,2,2,2
101805,4,4,4
100340,3,3,3
101097,14,14,14
100117,10,10,10
102059,1,1,1
101343,1,1,1
100879,1,1,1
101368,1,1,1
101725U,1,1,1
104265U,1,1,1
100117U,1,1,1
101956,1,1,1
100695,2,2,2
101432,8,8,8
100706,2,2,2
100953,4,4,4
101250,8,8,8
104582,1,1,1
101032,3,3,3
100029,24,24,24
100383,2,2,2
104133,2,2,2
100837,2,2,2
103379,1,1,1
100509,1,1,1
104168,2,2,2
102142,1,1,1
106025,1,1,1
103949,2,2,2
106015U,1,1,1
103483,2,2,2
103039,1,1,1
100380U,2,2,2
103456,1,1,1
105823,2,2,2
103288,2,2,2
101243,1,1,1
105679,4,4,4
103992,11,11,11
104147,1,1,1
105570,1,1,1
104702,1,1,1
105749,1,1,1
104206,7,7,7
102479,2,2,2
105708,1,1,1
106164,1,1,1
103133,1,1,1
105721,1,1,1
106013,2,2,2
105738,1,1,1
102154,1,1,1
105612,45,45,45
102588,1,1,1
103667,2,2,2
102158,1,1,1
105875,2,2,2
103988,1,1,1
102788,3,3,3
102113,1,1,1
105632,1,1,1
102556,11,11,11
103489,1,1,1
103944,1,1,1
104113,11,11,11
103993,7,7,7
104072,2,2,2
104128,2,2,2
103999,2,2,2
105650,1,1,1
103141,2,2,2
104701,2,2,2
104630,2,2,2
100914,4,4,4
102196,1,1,1
103913,11,11,11
102275,1,1,1
101682,1,1,1
102120,1,1,1
102122,2,2,2
102461,2,2,2
102065,3,3,3
100280,1,1,1
101050,13,13,13
104125,2,2,2
104511,2,2,2
104368,5,5,5
101037,2,2,2
100023,5,5,5
105817,1,1,1
103123,6,6,6
104596,1,1,1
103254,9,9,9
104617,2,2,2
105636U,2,2,2
100629U,1,1,1
105591U,1,1,1
104206U,1,1,1
105646U,2,2,2
105641U,1,1,1
104382,2,2,2
103987,1,1,1
105964U,1,1,1
100146,13,13,13
104618,2,2,2
104297,1,1,1
100697,2,2,2
100214,6,6,6
100057,2,2,2
102184,6,6,6
104620,3,3,3
103996,27,27,27
103991,1,1,1
103305,1,1,1
103941,2,2,2
103116,1,1,1
103733,2,2,2
101763,9,9,9
103972,2,2,2
104158,2,2,2
100081,102,102,102
103765,2,2,2
103520,1,1,1
100166,3,3,3
101052,1,1,1
103956,1,1,1
101216,50,50,50
101606,5,5,5
100742,1,1,1
103399,1,1,1
101450,1,1,1
100816,2,2,2
101324,1,1,1
100249,13,13,13
101861,2,2,2
103580,2,2,2
100068,12,12,12
100566,5,5,5
101687,2,2,2
100396,6,6,6
101689,2,2,2
102123,1,1,1
101110,1,1,1
102124,4,4,4
101010,1,1,1
106176,25,25,25
101354,1,1,1
102201,3,3,3
100930,2,2,2
102263,1,1,1
100293,20,20,20
104608,1,1,1
103804,5,5,5
100530,4,4,4
103143,3,3,3
103124,2,2,2
104391,2,2,2
102700,1,1,1
102047,3,3,3
104378,1,1,1
102661,2,2,2
103369,1,1,1
103562,2,2,2
105569,4,4,4
104278,1,1,1
105633,1,1,1
100276,9,9,9
103119,1,1,1
100353,3,3,3
103643,1,1,1
103259,1,1,1
103639,2,2,2
102759,1,1,1
101864,5,5,5
105537,1,1,1
103982,1,1,1
105991,1,1,1
103241,20,20,20
100191U,1,1,1
103960,3,3,3
104151U,1,1,1
104662U,1,1,1
101861U,1,1,1
101567,140,140,140
105553,1,1,1
104004,1,1,1
104252,5,5,5
101958,6,6,6
103147,12,12,12
105499,1,1,1
104678U,1,1,1
104208U,1,1,1
104298U,1,1,1
104491U,1,1,1
103562U,1,1,1
103747,4,4,4
102568,48,48,48
100203,59,59,59
101872,171,171,171
104378U,1,1,1
100112,71,71,71
100020,2,2,2
101071,4,4,4
101772,1,1,1
102143,14,14,14
102654,1,1,1
102673,1,1,1
102771,1,1,1
102601,1,1,1
102079,11,11,11
102176,142,142,142
104233,1,1,1
102070,7,7,7
100278U,2,2,2
100340U,1,1,1
105243,1,1,1
102746U,1,1,1
100469U,1,1,1
104581,2,2,2
100083,1,1,1
102670,5,5,5
100490,5,5,5
100752,1,1,1
105851,4,4,4
100288,3,3,3
101379,2,2,2
104235,1,1,1
100579,14,14,14
100320,1,1,1
100321,3,3,3
103180,37,37,37
100629,12,12,12
103715,188,188,188
104425,17,17,17
100769,2,2,2
100539,3,3,3
100776,3,3,3
100129,1,1,1
100211,2,2,2
100368,2,2,2
100654,1,1,1
100397,2,2,2
100767,3,3,3
100478,2,2,2
100072,98,98,98
101697,1,1,1
100770,1,1,1
102096,67,67,67
100143,46,46,46
104746,3,3,3
100063,9,9,9
101913,23,23,23
100484,6,6,6
100777,5,5,5
104212,1,1,1
100609,5,5,5
104185,2,2,2
104179,4,4,4
106215,3,3,3
105797,1,1,1
105872,2,2,2
105804,2,2,2
106008,1,1,1
106011,1,1,1
104576,1,1,1
106284,2,2,2
105522,1,1,1
105811,1,1,1
106196,3,3,3
106184,1,1,1
104611,2,2,2
105761,2,2,2
105962,1,1,1
105585,1,1,1
106148,3,3,3
105768,1,1,1
105687,1,1,1
106307,1,1,1
101277,1,1,1
100254U,1,1,1
100297U,1,1,1
100395,1,1,1
103730,1,1,1
105736,1,1,1
103150,3,3,3
101522,80,80,80
100392,17,17,17
100934,31,31,31
100084,37,37,37
104221U,1,1,1
100015,4,4,4
104587U,1,1,1
100483U,2,2,2
103498,2,2,2
101757,1,1,1
103766,29,29,29
100867,2,2,2
100263,7,7,7
101989,14,14,14
103375,32,32,32
100004,7,7,7
104562,19,19,19
105591,21,21,21
104232,10,10,10
104638,9,9,9
104414,77,77,77
103769,2,2,2
105593,8,8,8
105560,3,3,3
102133,3,3,3
102214,22,22,22
100486,7,7,7
100722,64,64,64
101212,1,1,1
103252,30,30,30
101263,18,18,18
100096,1,1,1
103161,16,16,16
103402,11,11,11
103869,26,26,26
100671,32,32,32
102220,2,2,2
100135,4,4,4
105748,1,1,1
101817,37,37,37
101112,2,2,2
100014,4,4,4
100109,2,2,2
100346,8,8,8
101469,1,1,1
100477,7,7,7
104261,3,3,3
104508,1,1,1
101297,9,9,9
101563,23,23,23
100423,6,6,6
100013,2,2,2
101253,14,14,14
103295,88,88,88
100347,2,2,2
100902,4,4,4
101406,7,7,7
101660,3,3,3
100789,15,15,15
100260,17,17,17
101873,16,16,16
101092,9,9,9
100927,1,1,1
103748,3,3,3
103528,1,1,1
100522,2,2,2
103883,10,10,10
105841,1,1,1
103967,120,120,120
100822,27,27,27
102194,1,1,1
101064,9,9,9
100403,170,170,170
101398,64,64,64
102134,2,2,2
100814,24,24,24
100180U,1,1,1
100295,21,21,21
105815,1,1,1
105535,1,1,1
100603,6,6,6
100957,42,42,42
100897,8,8,8
100544,6,6,6
104488,14,14,14
100033,77,77,77
100327,2,2,2
100062,6,6,6
100785,15,15,15
101863,15,15,15
100700,2,2,2
100631,2,2,2
101125,4,4,4
100485,1,1,1
105807,2,2,2
106107,1,1,1
103783,3,3,3
100348,1,1,1
100556,1,1,1
100531,4,4,4
101375,1,1,1
101509,20,20,20
101508,53,53,53
102192,2,2,2
101109,33,33,33
100900,18,18,18
100839,3,3,3
100819,2,2,2
100233,7,7,7
100558,1,1,1
104243,1,1,1
100456,14,14,14
105638,2,2,2
101520,1,1,1
100071,6,6,6
105880,1,1,1
101581,4,4,4
104050,1,1,1
105619U,1,1,1
100715,4,4,4
102018,2,2,2
101089,1,1,1
103920,1,1,1
101793,2,2,2
101090,3,3,3
102080,1,1,1
101626,1,1,1
101239,3,3,3
100925,1,1,1
102114,2,2,2
104162,1,1,1
101123,2,2,2
106133,1,1,1
101530,2,2,2
100248,2,2,2
103994,1,1,1
103900,1,1,1
100502,1,1,1
100297,3,3,3
101421,1,1,1
100001,9,9,9
103480,70,70,70
104106,14,14,14
100452,4,4,4
102671,2,2,2
104526,1,1,1
103501,2,2,2
100159,1,1,1
103282,4,4,4
101573,25,25,25
101046,17,17,17
102041,4,4,4
101157,3,3,3
101001,11,11,11
101694,1,1,1
102555,1,1,1
101180,2,2,2
104632,2,2,2
102004,2,2,2
100463,2,2,2
100012,1,1,1
103998,1,1,1
103933,1,1,1
100090,1,1,1
100204,1,1,1
100893,5,5,5
102024,5,5,5
103948,1,1,1
100121,1,1,1
103909,1,1,1
100445,1,1,1
105506,1,1,1
104151,2,2,2
104023,15,15,15
101317,2,2,2
100207,1,1,1
103341,2,2,2
100817,8,8,8
101175,2,2,2
105546,2,2,2
103683,1,1,1
100267,5,5,5
102698,1,1,1
105550,2,2,2
101177,1,1,1
101144,1,1,1
100092,5,5,5
100419,1,1,1
102704,1,1,1
103178,4,4,4
101029,20,20,20
100520,28,28,28
105549,1,1,1
104510,3,3,3
105562,1,1,1
100659,16,16,16
100847,11,11,11
101423,1,1,1
100832,1,1,1
104416,1,1,1
100660,12,12,12
101033,3,3,3
100838,4,4,4
100030,12,12,12
100585,1,1,1
103294,4,4,4
100533,1,1,1
103583,9,9,9
103938,1,1,1
103842,1,1,1
104685,2,2,2
100332,2,2,2
100574,2,2,2
101320,1,1,1
101583,2,2,2
104470,1,1,1
104385,3,3,3
105597,1,1,1
105739,1,1,1
101151,2,2,2
100168,3,3,3
104107,4,4,4
100658,3,3,3
104149,20,20,20
103564,1,1,1
102457,1,1,1
100649,3,3,3
106040,4,4,4
105803,1,1,1
102373,1,1,1
102697,90,90,90
100929,1,1,1
105620,1,1,1
105769,63,63,63
104523,15,15,15
101131,1,1,1
106291,1,1,1
104178,2,2,2
100306,2,2,2
100474,23,23,23
105964,4,4,4
103166,1,1,1
104182,2,2,2
106197,45,45,45
103373,5,5,5
105885,2,2,2
105810,1,1,1
106173,2,2,2
101102,1,1,1
101182,12,12,12
106326,1,1,1
106322,1,1,1
106255,1,1,1
104658,2,2,2
101401,1,1,1
102579U,2,2,2
106183,2,2,2
101114,2,2,2
104520,4,4,4
104633,12,12,12
101759,1,1,1
100744,40,40,40
102578U,1,1,1
106341,1,1,1
100981,1,1,1
101058,3,3,3
106243,1,1,1
100764,2,2,2
104605,1,1,1
102044,2,2,2
105520,2,2,2
100648,12,12,12
102644,1,1,1
100600,1,1,1
104247,1,1,1
102322,1,1,1
100191,19,19,19
105216,2,2,2
105244,2,2,2
104566,2,2,2
100971,1,1,1
102038,3,3,3
102076,1,1,1
100375,15,15,15
105248,1,1,1
104248,33,33,33
101831,8,8,8
104733U,1,1,1
104459U,3,3,3
105528U,1,1,1
100885U,1,1,1
104461U,2,2,2
104252U,1,1,1
105860U,5,5,5
102134U,1,1,1
102210,1,1,1
101982,1,1,1
101549,2,2,2
101661,8,8,8
103209,2,2,2
101972,2,2,2
102622,1,1,1
102983,1,1,1
100739,2,2,2
103871U,2,2,2
104117U,1,1,1
100284,3,3,3
102734,1,1,1
104167,27,27,27
103370,6,6,6
105621,2,2,2
105645,1,1,1
101103,76,76,76
101838,3,3,3
100756,13,13,13
102639,1,1,1
103641,1,1,1
105565,1,1,1
105727,1,1,1
100936,14,14,14
103644,1,1,1
101488,2,2,2
102729,2,2,2
102560,29,29,29
100588,15,15,15
101605,24,24,24
101674,2,2,2
101460,2,2,2
101489,1,1,1
100870,1,1,1
105764U,1,1,1
103850U,1,1,1
105841U,1,1,1
102138U,1,1,1
102246U,1,1,1
100086,21,21,21
101156,1,1,1
100102,36,36,36
103908,1,1,1
105704,14,14,14
100835,7,7,7
102933,1,1,1
100116,30,30,30
104443,6,6,6
100152,48,48,48
104288,1,1,1
103761,4,4,4
100656,30,30,30
100594,19,19,19
100661,6,6,6
100778,1,1,1
101851,2,2,2
100078,1,1,1
100725,24,24,24
100328,11,11,11
102326,8,8,8
100009,12,12,12
102104,2,2,2
100599,3,3,3
101209,1,1,1
100380,1,1,1
103289,19,19,19
103359,1,1,1
101975,1,1,1
105595,2,2,2
106262,6,6,6
101878,21,21,21
101137,1,1,1
102503U,1,1,1
103897U,1,1,1
102215U,1,1,1
104277U,1,1,1
103370U,1,1,1
101975U,1,1,1
102613U,1,1,1
106236U,1,1,1
101779U,1,1,1
104401U,1,1,1
101086,2,2,2
105451,1,1,1
105238,1,1,1
104208,1,1,1
105576,26,26,26
102503,2,2,2
101137U,1,1,1
105717,2,2,2
103374,38,38,38
101254,30,30,30
106000,38,38,38
100628,96,96,96
102482,38,38,38
100592,3,3,3
100932,5,5,5
100918,37,37,37
101841,2,2,2
103302,109,109,109
102610,2,2,2
101630,2,2,2
101569,2,2,2
102033,1,1,1
100620,12,12,12
103376,18,18,18
100669,20,20,20
103907,1,1,1
102939,3,3,3
103510,1,1,1
105833,1,1,1
105801,2,2,2
105805,2,2,2
101457,1,1,1
105838,2,2,2
105735,2,2,2
105704U,1,1,1
102132,30,30,30
104722U,1,1,1
105822,2,2,2
104525,9,9,9
103176,1,1,1
105834,1,1,1
104591,15,15,15
100995,16,16,16
101774,10,10,10
101664,36,36,36
105759,2,2,2
100510,2,2,2
101681,2,2,2
101647,6,6,6
105842,2,2,2
100884,19,19,19
105840,1,1,1
102207,1,1,1
105848,3,3,3
100640,1,1,1
105910,2,2,2
102100,13,13,13
106253,1,1,1
100198,12,12,12
103737,67,67,67
106125,1,1,1
105879,1,1,1
104579,1,1,1
106309,2,2,2
103671,9,9,9
106355,27,27,27
101575,1,1,1
100390,49,49,49
104417,3,3,3
100017,16,16,16
102128,6,6,6
103411,9,9,9
104143,40,40,40
100825,12,12,12
104604,4,4,4
100217,33,33,33
103158,6,6,6
101298,1,1,1
101030,1,1,1
101337,1,1,1
100845,5,5,5
102516,3,3,3
100933,14,14,14
104523U,3,3,3
105590,46,46,46
100630,17,17,17
104111,1,1,1
102932,17,17,17
104574,2,2,2
100721,36,36,36
100894,6,6,6
106227U,1,1,1
105769U,3,3,3
105903,2,2,2
100147,2,2,2
100668,1,1,1
100467,1,1,1
100451,6,6,6
102011,2,2,2
102731,2,2,2
101618,6,6,6
104089,8,8,8
101160,10,10,10
102728,1,1,1
103070,1,1,1
100824,25,25,25
101565,2,2,2
104229,1,1,1
100165,2,2,2
100717,2,2,2
100457,1,1,1
102099,3,3,3
104587,3,3,3
104370,1,1,1
100334,13,13,13
103997,3,3,3
106351,1,1,1
100693,1,1,1
101422,2,2,2
105504,13,13,13
103250,1,1,1
106345,1,1,1
104856,1,1,1
104723,1,1,1
102162,1,1,1
106229,1,1,1
101751,1,1,1
104468,6,6,6
105854,2,2,2
103184,1,1,1
100154,28,28,28
104473,1,1,1
101012,23,23,23
104655,36,36,36
100713,46,46,46
103118,1,1,1
104286,2,2,2
100074,22,22,22
100115,13,13,13
100282,3,3,3
104917,1,1,1
106325,1,1,1
100786,2,2,2
105881,5,5,5
100338,1,1,1
100980,1,1,1
100590,4,4,4
101176,3,3,3
102213,8,8,8
102566,1,1,1
103954,3,3,3
100606,17,17,17
100093,41,41,41
100627,1,1,1
105429,3,3,3
100611,27,27,27
100371,2,2,2
100434,1,1,1
101807,3,3,3
102360,1,1,1
100910,50,50,50
103582,21,21,21
101197,12,12,12
100127,34,34,34
100205,13,13,13
100723U,1,1,1
101005,32,32,32
101120,41,41,41
104477,11,11,11
104239,4,4,4
104598,1,1,1
104139,1,1,1
105630,1,1,1
101957,25,25,25
104266,15,15,15
100199,6,6,6
100977,1,1,1
101628,3,3,3
103286,13,13,13
100185,18,18,18
104516,1,1,1
105500,6,6,6
104629,6,6,6
100103,1,1,1
101135,1,1,1
102157,4,4,4
103467,2,2,2
103240,38,38,38
104684,8,8,8
102413,1,1,1
104210U,1,1,1
105516U,1,1,1
104035U,1,1,1
101960,11,11,11
104448,9,9,9
100811,1,1,1
102544,22,22,22
102015,1,1,1
100909,12,12,12
100800,2,2,2
102140,40,40,40
101952,1,1,1
100924,141,141,141
102163,7,7,7
100186,3,3,3
106211,7,7,7
106116,8,8,8
100922,15,15,15
106010,5,5,5
104506,1,1,1
104392,8,8,8
100951,7,7,7
101651,2,2,2
101165,1,1,1
101240,25,25,25
100968,3,3,3
105612U,3,3,3
102215,6,6,6
106232,1,1,1
102078,2,2,2
100390U,3,3,3
100476U,1,1,1
100442,18,18,18
100441,17,17,17
103408,15,15,15
100684U,1,1,1
100453U,2,2,2
100935,6,6,6
101196,8,8,8
104472,6,6,6
103924,8,8,8
100408,4,4,4
100657,10,10,10
101557,4,4,4
102023,32,32,32
104093,2,2,2
101367,4,4,4
103387,3,3,3
103326,1,1,1
104622,1,1,1
100986,6,6,6
100947,4,4,4
103721,1,1,1
101173,1,1,1
101810,1,1,1
100678,4,4,4
101610,1,1,1
100960,26,26,26
104449,1,1,1
101509U,2,2,2
101508U,4,4,4
104441,9,9,9
104392U,2,2,2
105577U,2,2,2
100581U,1,1,1
101019,17,17,17
100985,3,3,3
106324,2,2,2
101223,1,1,1
100355U,1,1,1
106154,3,3,3
100424,4,4,4
106321,6,6,6
100138,32,32,32
101211,8,8,8
100639,3,3,3
101743,2,2,2
100829,1,1,1
100642,41,41,41
100952,1,1,1
101155,1,1,1
101440,1,1,1
104035,1,1,1
102272,1,1,1
103588,38,38,38
105437,2,2,2
104592,1,1,1
106016,8,8,8
106043,1,1,1
103990,2,2,2
106207,8,8,8
102097U,1,1,1
105646,1,1,1
106039,1,1,1
105856,1,1,1
101725,3,3,3
103586,26,26,26
100313,9,9,9
101596,2,2,2
101598,1,1,1
101436,14,14,14
106350,2,2,2
100560,1,1,1
105859,1,1,1
104907,1,1,1
106074,1,1,1
105744,1,1,1
106170,2,2,2
104144,2,2,2
103447,1,1,1
103976,2,2,2
100318,66,66,66
100911,32,32,32
105734,1,1,1
101107,11,11,11
102569,2,2,2
102953,2,2,2
105246,1,1,1
105806,1,1,1
106264,1,1,1
100965,22,22,22
103882,2,2,2
100593,33,33,33
103315,3,3,3
101122,80,80,80
101819,15,15,15
101590,1,1,1
102234U,1,1,1
100503,5,5,5
100963,40,40,40
101126,3,3,3
103291,1,1,1
100956,7,7,7
101579,55,55,55
101910,3,3,3
104263,20,20,20
103870,28,28,28
102169,1,1,1
100043,1,1,1
101744,1,1,1
101180X,1,1,1
101199,11,11,11
100633,2,2,2
104078,3,3,3
101547,2,2,2
101025,3,3,3
100534,21,21,21
103310,7,7,7
105502,1,1,1
106147,4,4,4
100708,53,53,53
105513,8,8,8
100564,12,12,12
100794,1,1,1
103318,4,4,4
103364,2,2,2
103898U,1,1,1
100974,2,2,2
101536,1,1,1
101698,1,1,1
101435,1,1,1
103575,1,1,1
102097,10,10,10
105867,1,1,1
101396,12,12,12
100710,6,6,6
100803,1,1,1
101048,1,1,1
104122,36,36,36
101094,1,1,1
104640,9,9,9
105826,4,4,4
104075,1,1,1
105542,1,1,1
100567,94,94,94
104589,3,3,3
103795,5,5,5
100899,18,18,18
100151,10,10,10
104624,1,1,1
106217,6,6,6
103383,3,3,3
106005,1,1,1
104453,2,2,2
103292,3,3,3
105756,2,2,2
104502,11,11,11
103298,18,18,18
100946,1,1,1
105507,2,2,2
101612,1,1,1
103843,1,1,1
103362,1,1,1
104518,2,2,2
100823,19,19,19
104053,1,1,1
105197,1,1,1
103700,2,2,2
106152,1,1,1
101730,1,1,1
100370,2,2,2
101511,2,2,2
106320,7,7,7
104267,4,4,4
102730,2,2,2
103442,1,1,1
103600,8,8,8
101186,4,4,4
105665,2,2,2
105442,1,1,1
101589,50,50,50
103793,1,1,1
101380,7,7,7
105990,1,1,1
100712,17,17,17
100607,36,36,36
104436,25,25,25
105387,1,1,1
100432U,8,8,8
100518,1,1,1
100181,17,17,17
100877,1,1,1
100439,1,1,1
100106,10,10,10
100050,10,10,10
100549,1,1,1
100378,1,1,1
100365,1,1,1
101434,11,11,11
100025,2,2,2
102037,8,8,8
100237,1,1,1
106256,3,3,3
104096,1,1,1
103568,1,1,1
100875,23,23,23
101187,20,20,20
106218,1,1,1
105832,2,2,2
106258,1,1,1
101203,10,10,10
101658,1,1,1
104593,1,1,1
100095,13,13,13
102130,3,3,3
102590,1,1,1
102160,4,4,4
101954,16,16,16
100597,24,24,24
106333,18,18,18
100189,1,1,1
100632,6,6,6
100845U,1,1,1
100433U,1,1,1
100200,1,1,1
104559U,4,4,4
100554U,1,1,1
101034,10,10,10
101546,1,1,1
101486,1,1,1
100636,29,29,29
105772,9,9,9
100266,2,2,2
100400,9,9,9
104455,3,3,3
100746,3,3,3
103419,3,3,3
104102,2,2,2
100123,2,2,2
106202,3,3,3
100905,6,6,6
100259,46,46,46
101081,6,6,6
104434,2,2,2
101249,6,6,6
101003,2,2,2
101597,2,2,2
101654U,1,1,1
104293,2,2,2
106280,3,3,3
100645,4,4,4
101962,11,11,11
100066,14,14,14
101519,11,11,11
102167,5,5,5
100269,5,5,5
101588,7,7,7
100571,1,1,1
100388,3,3,3
103740,2,2,2
100519,4,4,4
101038,3,3,3
101365,3,3,3
102266,1,1,1
100959,1,1,1
101478,2,2,2
100417,1,1,1
104134,1,1,1
100268,60,60,60
103863,1,1,1
103482,1,1,1
100403U,1,1,1
100991,20,20,20
101652,1,1,1
101726,11,11,11
100044U,1,1,1
101809U,1,1,1
101405U,1,1,1
100187,1,4,4
106299,16,16,16
102567,12,12,12
100355,2,2,2
102715,3,3,3
102623,1,1,1
106200,6,6,6
104245,1,1,1
100209,2,2,2
101723,9,9,9
105579,29,29,29
104599,5,5,5
100374,1,1,1
100149,30,30,30
100818,16,16,16
100179,2,2,2
103756,7,7,7
104560,8,8,8
103157,2,2,2
102111U,1,1,1
100798,14,14,14
100842,1,1,1
100091,8,8,8
101564,1,1,1
100173,8,8,8
101507,18,18,18
101845,2,2,2
106254,1,1,1
101238,5,5,5
104681,2,2,2
100283,2,2,2
103418,4,4,4
106034,1,1,1
100140,1,1,1
103538,2,2,2
100142,16,16,16
100906,1,1,1
100080,2,2,2
100037,1,1,1
101051,2,2,2
106304,3,3,3
102127,2,2,2
100619,11,11,11
100079,2,2,2
104027,1,1,1
100903,4,4,4
101541,10,10,10
100834,1,1,1
101993,1,1,1
100440,10,10,10
101420,2,2,2
105561,3,3,3
100938,2,2,2
104175,1,1,1
101804,2,2,2
100220,9,9,9
101068,1,1,1
104120,5,5,5
104467,2,2,2
100222,6,6,6
101619,1,1,1
101002,8,8,8
106032,2,2,2
101574,9,9,9
102111,1,1,1
101847,3,3,3
102027,1,1,1
101649,1,1,1
103206,7,7,7
100460,1,1,1
100581,2,2,2
104428,2,2,2
101728,1,1,1
101764,9,9,9
100623,15,15,15
104551,2,2,2
100174,1,1,1
101116,36,36,36
103191,1,1,1
101951,2,2,2
103160,8,8,8
101207,1,1,1
103739,2,2,2
102248,6,6,6
100950,2,2,2
104549,2,2,2
104256,2,2,2
105583,1,1,1
103794,5,5,5
106251,1,1,1
104240,1,1,1
105673,3,3,3
100793,1,1,1
100653,3,3,3
101852,3,3,3
106077,1,1,1
103211,1,1,1
101022,4,4,4
101208,2,2,2
106067,2,2,2
100385,3,3,3
101974,1,1,1
105905,2,2,2
105634,2,2,2
105211,3,3,3
102757,2,2,2
100405,10,10,10
106204,9,9,9
103554,2,2,2
106135,1,1,1
100433,3,3,3
103311,3,3,3
100542,5,5,5
100226,2,2,2
101498,2,2,2
101056,4,4,4
100827,51,51,51
106195,1,1,1
100907,2,2,2
100613,2,2,2
102222,2,2,2
103777,5,5,5
105558,1,1,1
100285,3,3,3
102620,4,4,4
100945,2,2,2
104413,2,2,2
103809,2,2,2
100617,2,2,2
100416,2,2,2
104237,5,5,5
100412,2,2,2
102269,3,3,3
100670,2,2,2
100687,2,2,2
105737,1,1,1
104716,1,1,1
102109,1,1,1
106338,1,1,1
101463,2,2,2
103212,1,1,1
101959,1,1,1
100662,5,5,5
100677,2,2,2
104492,1,1,1
105258,1,1,1
100082,6,6,6
103657,1,1,1
103537,5,5,5
103738,12,12,12
106068,1,1,1
100999,7,7,7
101041,3,3,3
104257,2,2,2
101558,3,3,3
101650,1,1,1
100454,2,2,2
102570,1,1,1
101392,1,1,1
100036,37,37,37
101088,11,11,11
101062,8,8,8
100122,5,5,5
100568,1,1,1
102098,7,7,7
104498,1,1,1
100994,14,14,14
105728,1,1,1
103820,9,9,9
100364,3,3,3
100528,2,2,2
100551,14,14,14
100856,3,3,3
101241,1,1,1
100955,9,9,9
101461,7,7,7
103499,1,1,1
100771,12,12,12
100716,3,3,3
101474,1,1,1
101117,7,7,7
100099,7,7,7
101870,4,4,4
102031,3,3,3
103767,4,4,4
104271,15,15,15
105622U,5,5,5
100329,13,13,13
106244,3,3,3
104304,1,1,1
101454,13,13,13
105588,1,1,1
104519,2,2,2
100732,15,15,15
101377,2,2,2
100635,4,4,4
104426,11,11,11
106270,2,2,2
100495U,1,1,1
103963,1,1,1
104224,2,2,2
100589,2,2,2
100961,4,4,4
101136,1,1,1
100070,1,1,1
100133,7,7,7
100027,4,4,4
100176,1,1,1
100667,7,7,7
100664,12,12,12
100674,3,3,3
101528,3,3,3
101427,1,1,1
101400,2,2,2
102179,4,4,4
103527,5,5,5
101679,1,1,1
103417,2,2,2
100493,3,3,3
102045,5,5,5
104100,1,1,1
100774,6,6,6
100691,13,13,13
106176U,4,4,4
106286,2,2,2
105741,1,1,1
100290,4,4,4
106363,1,1,1
103153,1,1,1
103642,11,11,11
106336,1,1,1
105540,1,1,1
105824,2,2,2
100409,1,1,1
106037,1,1,1
100634,4,4,4
106366,3,3,3
101302,1,1,1
104600,1,1,1
104528,1,1,1
104631,1,1,1
106071,1,1,1
106245,1,1,1
106250,1,1,1
101391,8,8,8
105517,2,2,2
102796,1,1,1
102930,1,1,1
101605U,6,6,6
100711,5,5,5
102182,1,1,1
100278,1,1,1
103629,4,4,4
101517,5,5,5
103759,7,7,7
105649U,1,1,1
103809U,1,1,1
106335U,2,2,2
101811,1,1,1
104487,3,3,3
105639,1,1,1
105524,1,1,1
106359,1,1,1
106179,1,1,1
103555,4,4,4
100942,1,1,1
103196,3,3,3
106230,3,3,3
102786,2,2,2
105741U,1,1,1
100003,2,2,2
104225,2,2,2
101657,5,5,5
104262,3,3,3
100996,3,3,3
102166,3,3,3
101747,2,2,2
100904,3,3,3
100498,2,2,2
100812,3,3,3
103871,5,5,5
101715,3,3,3
100261,15,15,15
101762,3,3,3
101244,3,3,3
100747,1,1,1
100727,3,3,3
102105,1,1,1
100748,2,2,2
101458,1,1,1
104575,3,3,3
101666,3,3,3
100604,1,1,1
101977,1,1,1
101595,2,2,2
106372,4,4,4
101794,3,3,3
104601,1,1,1
102325,2,2,2
101811U,3,3,3
104189,2,2,2
103675,1,1,1
101499,3,3,3
101195,3,3,3
103546,2,2,2
100570,2,2,2
102008,1,1,1
101543,2,2,2
101742,3,3,3
102048,1,1,1
101966,2,2,2
100616,5,5,5
100235,6,6,6
106143,1,1,1
103925,1,1,1
103926,1,1,1
105954,1,1,1
106247,1,1,1
102735,2,2,2
102758,1,1,1
103384,3,3,3
103255,1,1,1
100652,3,3,3
102344,1,1,1
100221,1,1,1
101846,3,3,3
101540,3,3,3
103243,1,1,1
102776,3,3,3
104731,4,4,4
102782,3,3,3
105876,2,2,2
103040,1,1,1
103985,1,1,1
104577,1,1,1
105888,1,1,1
105263,1,1,1
101545,1,1,1
103567,1,1,1
102193,3,3,3
101070,21,21,21
102338,2,2,2
104433,62,62,62
102755,2,2,2
104181,1,1,1
105658,1,1,1
102175,3,3,3
103453,1,1,1
101570,2,2,2
101706,1,1,1
102713,2,2,2
101091,1,1,1
105858,1,1,1
102672,3,3,3
104006,3,3,3
100401,35,35,35
104177,4,4,4
100508,4,4,4
100840,59,59,59
104439,2,2,2
106290,4,4,4
100064,2,2,2
103676,2,2,2
100854U,1,1,1
101365U,2,2,2
101802,2,2,2
104287,5,5,5
105849,1,1,1
106327,4,4,4
106374,1,1,1
104386,1,1,1
103587,2,2,2
106376,1,1,1
102564,1,1,1
100964,2,2,2
100125,1,1,1
101821,2,2,2
106185,1,1,1
100874,8,8,8
101514,1,1,1
101447,1,1,1
105831U,1,1,1
102737,1,1,1
100022,1,1,1
103274,4,4,4
106362,1,1,1
104228,7,7,7
105988U,2,2,2
100236,1,1,1
103179,1,1,1
101871,5,5,5
102279,2,2,2
106367,1,1,1
101869,1,1,1
102242,12,12,12
103817,1,1,1
100153,36,36,36
102577,1,1,1
106383,1,1,1
106364,2,2,2
105503,1,1,1
106388,2,2,2
106199,4,4,4
101568,1,1,1
106385,1,1,1
100180,6,6,6
106389,4,4,4
104152,3,3,3
106381,30,30,30
101525,1,1,1
106386,3,3,3
106335,1,1,1
101707,5,5,5
100681,2,2,2
106387,2,2,2
102328,1,1,1
103731,2,2,2
105863,1,1,1
101760,2,2,2
104415U,3,3,3
102333,1,1,1
105860,5,5,5
104115,2,2,2
102343,1,1,1
105843,2,2,2
104580,1,1,1
104462,9,9,9
105906,1,1,1
104191,1,1,1
102483,2,2,2
100949,1,1,1
106212,1,1,1
100061,1,1,1
102178,1,1,1
106399,1,1,1
102560U,5,5,5
101717U,5,5,5
101994,3,3,3
101746,9,9,9
104626,3,3,3
100895,2,2,2
100136,3,3,3
104279,1,1,1
101130,2,2,2
103477U,1,1,1
104902,2,2,2
101008,4,4,4
100190,2,2,2
100223,3,3,3
106400,1,1,1
101829,1,1,1
106401,1,1,1
105893,3,3,3
102339,2,2,2
100548,2,2,2
103855,1,1,1
104186,1,1,1
106398,1,1,1
103826,1,1,1
101518,1,1,1
100387,1,1,1
104398,4,4,4
101011,3,3,3
104639,2,2,2
102091,2,2,2
101766,2,2,2
104690,1,1,1
103760,2,2,2
106012,6,6,6
100919,1,1,1
101854,2,2,2
106378,1,1,1
103405,9,9,9
106390,1,1,1
103381,4,4,4
100646,2,2,2
100427,1,1,1
101481,1,1,1
104703,1,1,1
100170,1,1,1
105839,2,2,2
102497,1,1,1
104277,1,1,1
104376,2,2,2
101590U,2,2,2
104157,4,4,4
100231,1,1,1
104203,1,1,1
100210U,2,2,2
100859U,1,1,1
102181U,3,3,3
106369,1,1,1
100731,2,2,2
100543,1,1,1
106248,1,1,1
106246,1,1,1
100509X,1,1,1
105210,2,2,2
100796,3,3,3
106343,1,1,1
101670,1,1,1
101228,1,1,1
101395,3,3,3
105494,6,6,6
103651,2,2,2
100647,1,1,1
100270,5,5,5
100155,1,1,1
100373,1,1,1
100696,1,1,1
101533,1,1,1
101719,3,3,3
100055,1,1,1
103579,1,1,1
101418,2,2,2
101106,1,1,1
105883,7,7,7
102557,4,4,4
104722,1,1,1
100920,1,1,1
106296,1,1,1
100257,1,1,1
104524,3,3,3
101007,1,1,1
100615,3,3,3
101815,1,1,1
106168,2,2,2
103729,2,2,2
100973,1,1,1
103491,1,1,1
100319,2,2,2
104530,1,1,1
104635,2,2,2
100844,4,4,4
104264,2,2,2
103953,8,8,8
102472,1,1,1
100608,6,6,6
104110,6,6,6
106354,6,6,6
104654,1,1,1
106330,4,4,4
106252,2,2,2
104682,1,1,1
104569,2,2,2
103812,1,1,1
100618,2,2,2
101466,5,5,5
100719,1,1,1
103827,1,1,1
106180,2,2,2
101462,2,2,2
103481,3,3,3
100888,3,3,3
104223,1,1,1
104636,1,1,1
104150,3,3,3
104198,2,2,2
100304U,1,1,1
100975,3,3,3
105497,1,1,1
103409,2,2,2
100413,2,2,2
100398,2,2,2
104729,2,2,2
100939,2,2,2
103181,2,2,2
100243,5,5,5
103401,6,6,6
100085,2,2,2
101066,4,4,4
100941,2,2,2
102034,1,1,1
103905,7,7,7
101104,1,1,1
100450,1,1,1
100753,1,1,1
101042,1,1,1
106194,2,2,2
103773,4,4,4
101405,3,3,3
100182,2,2,2
101844,9,9,9
100928,1,1,1
100196,1,1,1
106214,2,2,2
104542,6,6,6
104417U,1,1,1
100753U,2,2,2
106384U,1,1,1
101554,2,2,2
100772,11,11,11
105701,1,1,1
100296,1,1,1
104083,1,1,1
101615,1,1,1
100351,1,1,1
102864,5,5,5
101526,2,2,2
100184,1,1,1
100993,1,1,1
104159,1,1,1
101190,1,1,1
104460,2,2,2
102718,4,4,4
100741,1,1,1
104595,1,1,1
103912,1,1,1
104116,1,1,1
104222,4,4,4
102271,18,18,18
106328,3,3,3
100356U,1,1,1
105495U,1,1,1
100479U,1,1,1
104231U,1,1,1
102093U,1,1,1
106391U,1,1,1
106210,1,1,1
100051,1,1,1
104661,1,1,1
100208,1,1,1
101051U,1,1,1
103368,2,2,2
103388,1,1,1
103391,2,2,2
103796,1,1,1
101242,1,1,1
106334,2,2,2
103324,3,3,3
102289,1,1,1
100859,1,1,1
100866,1,1,1
104227,2,2,2
102205,1,1,1
101770,1,1,1
103503,1,1,1
104121,4,4,4
104135,1,1,1
104388,3,3,3
106160,1,1,1
105776,2,2,2
101542,3,3,3
103750,2,2,2
103321,1,1,1
103290,1,1,1
100591,1,1,1
103577,3,3,3
106347,2,2,2
102181,2,2,2
105816,1,1,1
106318,1,1,1
100565,1,1,1
101080,2,2,2
104471,1,1,1
104119,7,7,7
100917,14,14,14
103819,4,4,4
101433,1,1,1
104664,1,1,1
102020,1,1,1
104476,1,1,1
101410,1,1,1
100791,19,19,19
100255,1,1,1
100130,1,1,1
106220,2,2,2
100006,1,1,1
101510,2,2,2
100683,2,2,2
101527,3,3,3
101662,20,20,20
101859,1,1,1
103610,1,1,1
104129,3,3,3
100491,4,4,4
100848,2,2,2
101403,1,1,1
102001,1,1,1
100476,1,1,1
100540,1,1,1
103591,10,10,10
104197,2,2,2
100826,1,1,1
100728,1,1,1
100097,1,1,1
103694,1,1,1
100890,3,3,3
106260,1,1,1
104265,2,2,2
102094,1,1,1
104643,3,3,3
100164,2,2,2
101453,1,1,1
103813,1,1,1
100913,2,2,2
104621,1,1,1
100937,1,1,1
104221,1,1,1
102236,6,6,6
104415,1,1,1
100458,1,1,1
100537,1,1,1
104244,1,1,1
104521,1,1,1
100007,1,1,1
103242,1,1,1
106292,1,1,1
102669,1,1,1
102219,1,1,1
102036,1,1,1
101761,1,1,1
104445,1,1,1
104563,1,1,1
100410,1,1,1
